Original order,Original Pool,Well,Prep No.,enzymes,New Pool,Well,ng/ul post-digest,ng/ul post-size select,ng/ul post PCR,Mean frag size,Barcode,Illumina Index,Library name,Species
96,Pool 12,H,EPI-66,PstI-HpaII,Pool 1,E,14.4,0.367,7.73,546,CAACC,ATCACG,JD002_A,Panopea generosa
48,Pool 6,H,EPI-66,PstI-MspI,Pool 1,F,12.8,0.367,7.73,546,TCGAT,ATCACG,JD002_A,Panopea generosa
88,Pool 11,H,EPI-4,PstI-HpaII,Pool 4,A,8.5,0.142,8,552,TGCAT,TGACCA,JD002_D,Panopea generosa
40,Pool 5,H,EPI-4,PstI-MspI,Pool 4,B,7.5,0.142,8,552,AAGGA,TGACCA,JD002_D,Panopea generosa
87,Pool 11,G,EPI-3,PstI-HpaII,Pool 4,E,8.3,0.142,8,552,CAACC,TGACCA,JD002_D,Panopea generosa
39,Pool 5,G,EPI-3,PstI-MspI,Pool 4,F,5.6,0.142,8,552,TCGAT,TGACCA,JD002_D,Panopea generosa
90,Pool 12,B,EPI-34,PstI-HpaII,Pool 7,E,5.8,0.142,4.41,549,CAACC,CAGATC,JD002_G,Panopea generosa
42,Pool 6,B,EPI-34,PstI-MspI,Pool 7,F,5.3,0.142,4.41,549,TCGAT,CAGATC,JD002_G,Panopea generosa
94,Pool 12,F,EPI-32,PstI-HpaII,Pool 8,E,5.5,0.193,15.6,536,CAACC,ACTTGA,JD002_H,Panopea generosa
46,Pool 6,F,EPI-32,PstI-MspI,Pool 8,F,4,0.193,15.6,536,TCGAT,ACTTGA,JD002_H,Panopea generosa
95,Pool 12,G,EPI-60,PstI-HpaII,Pool 8,G,5.7,0.193,15.6,536,CGATC,ACTTGA,JD002_H,Panopea generosa
47,Pool 6,G,EPI-60,PstI-MspI,Pool 8,H,3.2,0.193,15.6,536,GGTTG,ACTTGA,JD002_H,Panopea generosa
93,Pool 12,E,EPI-30,PstI-HpaII,Pool 9,C,5,0.135,13.7,536,GCATG,GATCAG,JD002_I,Panopea generosa
45,Pool 6,E,EPI-30,PstI-MspI,Pool 9,D,3.8,0.135,13.7,536,AACCA,GATCAG,JD002_I,Panopea generosa
92,Pool 12,D,EPI-29,PstI-HpaII,Pool 11,A,4.9,0.174,6.81,522,TGCAT,GGCTAC,JD002_K,Panopea generosa
44,Pool 6,D,EPI-29,PstI-MspI,Pool 11,B,3.1,0.174,6.81,522,AAGGA,GGCTAC,JD002_K,Panopea generosa
43,Pool 6,C,EPI-35,PstI-MspI,Pool 11,G,3.3,0.174,6.81,522,CGATC,GGCTAC,JD002_K,Panopea generosa
91,Pool 12,C,EPI-35,PstI-HpaII,Pool 11,H,3.2,0.174,6.81,522,GGTTG,GGCTAC,JD002_K,Panopea generosa
89,Pool 12,A,EPI-33,PstI-HpaII,Pool 12,E,2.8,0.141,4.64,519,CAACC,CTTGTA,JD002_L,Panopea generosa
41,Pool 6,A,EPI-33,PstI-MspI,Pool 12,F,2.2,0.141,4.64,519,TCGAT,CTTGTA,JD002_L,Panopea generosa